{
  "animationsystem.dll": {
    "AnimationSystemUtils_001": 6356520,
    "AnimationSystem_001": 6323536
  },
  "client.dll": {
    "ClientToolsInfo_001": 25497296,
    "EmptyWorldService001_Client": 25219312,
    "GameClientExports001": 25484168,
    "LegacyGameUI001": 25616880,
    "Source2Client002": 27687440,
    "Source2ClientConfig001": 27264528,
    "Source2ClientPrediction001": 25530192,
    "Source2ClientUI001": 25610016
  },
  "engine2.dll": {
    "BenchmarkService001": 5532976,
    "BugService001": 6159632,
    "ClientServerEngineLoopService_001": 5536368,
    "EngineGameUI001": 5524368,
    "EngineServiceMgr001": 6425584,
    "GameEventSystemClientV001": 6426384,
    "GameEventSystemServerV001": 6426704,
    "GameResourceServiceClientV001": 5533232,
    "GameResourceServiceServerV001": 5533328,
    "GameUIService_001": 6160400,
    "HostStateMgr001": 5536096,
    "INETSUPPORT_001": 5505120,
    "InputService_001": 6161184,
    "KeyValueCache001": 5536272,
    "MapListService_001": 6419312,
    "NetworkClientService_001": 6419712,
    "NetworkP2PService_001": 5534016,
    "NetworkServerService_001": 6420624,
    "NetworkService_001": 5534352,
    "RenderService_001": 6421232,
    "ScreenshotService001": 6421904,
    "SimpleEngineLoopService_001": 5536640,
    "SoundService_001": 5534416,
    "Source2EngineToClient001": 5521936,
    "Source2EngineToClientStringTable001": 5522032,
    "Source2EngineToServer001": 5522184,
    "Source2EngineToServerStringTable001": 5522224,
    "SplitScreenService_001": 5535184,
    "StatsService_001": 6422976,
    "ToolService_001": 5535632,
    "VENGINE_GAMEUIFUNCS_VERSION005": 5524512,
    "VProfService_001": 5535696
  },
  "filesystem_stdio.dll": {
    "VAsyncFileSystem2_001": 2147728,
    "VFileSystem017": 2168896
  },
  "host.dll": {
    "DebugDrawQueueManager001": 1273824,
    "GameModelInfo001": 1273888,
    "GameSystem2HostHook": 1273952,
    "HostUtils001": 1274000,
    "PredictionDiffManager001": 1274592,
    "SaveRestoreDataVersion001": 1274896,
    "SinglePlayerSharedMemory001": 1274944,
    "Source2Host001": 1275056
  },
  "imemanager.dll": {
    "IMEManager001": 191056
  },
  "inputsystem.dll": {
    "InputStackSystemVersion001": 224112,
    "InputSystemVersion001": 231392
  },
  "localize.dll": {
    "Localize_001": 240336
  },
  "matchmaking.dll": {
    "GameTypes001": 1725152,
    "MATCHFRAMEWORK_001": 1758480
  },
  "materialsystem2.dll": {
    "FontManager_001": 1131312,
    "MaterialUtils_001": 1111232,
    "PostProcessingSystem_001": 1110992,
    "TextLayout_001": 1111120,
    "VMaterialSystem2_001": 1128720
  },
  "meshsystem.dll": {
    "MeshSystem001": 1693200
  },
  "navsystem.dll": {
    "NavSystem001": 1029936
  },
  "networksystem.dll": {
    "FlattenedSerializersVersion001": 2377072,
    "NetworkMessagesVersion001": 2581984,
    "NetworkSystemVersion001": 2548480,
    "SerializedEntitiesVersion001": 2548720
  },
  "panorama.dll": {
    "PanoramaUIEngine001": 5149264
  },
  "panorama_text_pango.dll": {
    "PanoramaTextServices001": 2832608
  },
  "panoramauiclient.dll": {
    "PanoramaUIClient001": 2676800
  },
  "particles.dll": {
    "ParticleSystemMgr003": 6462512
  },
  "pulse_system.dll": {
    "IPulseSystem_001": 1563040
  },
  "rendersystemdx11.dll": {
    "RenderDeviceMgr001": 4121072,
    "RenderUtils_001": 4123224,
    "VRenderDeviceMgrBackdoor001": 4121232
  },
  "resourcesystem.dll": {
    "ResourceSystem013": 469568
  },
  "scenefilecache.dll": {
    "ResponseRulesCache001": 467184,
    "SceneFileCache002": 467552
  },
  "scenesystem.dll": {
    "RenderingPipelines_001": 6089520,
    "SceneSystem_002": 8052736,
    "SceneUtils_001": 6091648
  },
  "schemasystem.dll": {
    "SchemaSystem_001": 399072
  },
  "server.dll": {
    "EmptyWorldService001_Server": 20384688,
    "EntitySubclassUtilsV001": 20058496,
    "NavGameTest001": 21035992,
    "ServerToolsInfo_001": 20731256,
    "Source2GameClients001": 20706368,
    "Source2GameDirector001": 21967264,
    "Source2GameEntities001": 20731040,
    "Source2Server001": 20730640,
    "Source2ServerConfig001": 22797416,
    "customnavsystem001": 19945720
  },
  "soundsystem.dll": {
    "SoundOpSystem001": 3808336,
    "SoundOpSystemEdit001": 3808032,
    "SoundSystem001": 3806704,
    "VMixEditTool001": 1210621194
  },
  "steamaudio.dll": {
    "SteamAudio001": 2177520
  },
  "steamclient64.dll": {
    "CLIENTENGINE_INTERFACE_VERSION005": 18446744071758200538,
    "IVALIDATE001": 22235352,
    "SteamClient006": 22224896,
    "SteamClient007": 22224904,
    "SteamClient008": 22224912,
    "SteamClient009": 22224920,
    "SteamClient010": 22224928,
    "SteamClient011": 22224936,
    "SteamClient012": 22224944,
    "SteamClient013": 22224952,
    "SteamClient014": 22224960,
    "SteamClient015": 22224968,
    "SteamClient016": 22224976,
    "SteamClient017": 22224984,
    "SteamClient018": 22224992,
    "SteamClient019": 22225000,
    "SteamClient020": 22225008,
    "SteamClient021": 22225016,
    "SteamClient022": 22225024,
    "p2pvoice002": 21900591,
    "p2pvoicesingleton002": 22081776
  },
  "tier0.dll": {
    "TestScriptMgr001": 3664512,
    "VEngineCvar007": 3724512,
    "VProcessUtils002": 3664272,
    "VStringTokenSystem001": 3825408
  },
  "v8system.dll": {
    "Source2V8System001": 181376
  },
  "vphysics2.dll": {
    "VPhysics2_Handle_Interface_001": 3743600,
    "VPhysics2_Interface_001": 3743664
  },
  "vscript.dll": {
    "VScriptManager010": 1213952
  },
  "vstdlib_s64.dll": {
    "IVALIDATE001": 453008,
    "VEngineCvar002": 446576
  },
  "worldrenderer.dll": {
    "WorldRendererMgr001": 1449344
  }
}