{
  "client.dll": {
    "dwCSGOInput": 27755136,
    "dwEntityList": 27285104,
    "dwGameEntitySystem": 28478840,
    "dwGameEntitySystem_highestEntityIndex": 8432,
    "dwGameRules": 27696312,
    "dwGlobalVars": 25480880,
    "dwGlowManager": 27694088,
    "dwLocalPlayerController": 27606072,
    "dwLocalPlayerPawn": 25530576,
    "dwPlantedC4": 27733712,
    "dwPrediction": 25530192,
    "dwSensitivity": 27699672,
    "dwSensitivity_sensitivity": 64,
    "dwViewAngles": 27756112,
    "dwViewMatrix": 27714544,
    "dwViewRender": 27716864,
    "dwWeaponC4": 27293440
  },
  "engine2.dll": {
    "dwBuildNumber": 5508068,
    "dwNetworkGameClient": 5504224,
    "dwNetworkGameClient_clientTickCount": 872,
    "dwNetworkGameClient_deltaTick": 636,
    "dwNetworkGameClient_isBackgroundMap": 2626631,
    "dwNetworkGameClient_localPlayer": 240,
    "dwNetworkGameClient_maxClients": 568,
    "dwNetworkGameClient_serverTickCount": 876,
    "dwNetworkGameClient_signOnState": 552,
    "dwWindowHeight": 6436252,
    "dwWindowWidth": 6436248
  },
  "inputsystem.dll": {
    "dwInputSystem": 231392
  },
  "matchmaking.dll": {
    "dwGameTypes": 1725152,
    "dwGameTypes_mapName": 288
  },
  "soundsystem.dll": {
    "dwSoundSystem": 3806704,
    "dwSoundSystem_engineViewData": 124
  }
}